"DESCRIPTION","DURATION IN MS","NAME","PARENT SUITE","START TIME","STATUS","STOP TIME","SUB SUITE","SUITE","TEST CLASS","TEST METHOD"
"","30844","Q2 - Add, search and verify new employee","chromium","2026-09-10","passed","2026-09-10","","Q2-add-search-employee.spec.js","",""
"","52264","Q3 - Search and edit user status","chromium","2026-09-10","passed","2026-09-10","","Q3-admin-edit-user.spec.js","",""
"","10909","get started link","chromium","2026-09-10","passed","2026-09-10","","example.spec.js","",""
"","52844","Q4 - Apply Leave","chromium","2026-09-09","passed","2026-09-09","","Q4-leave-apply-cancel.spec.js","",""
"","68416","Q4 - Apply Leave, Verify Pending Approval and Cancel Leave","chromium","2026-09-10","passed","2026-09-10","","Q4-leave-apply-cancel.spec.js","",""
"","9220","has title","chromium","2026-09-10","passed","2026-09-10","","example.spec.js","",""
"","61597","Q3 - Search and edit user role/status","chromium","2026-09-09","broken","2026-09-09","","Q3-admin-edit-user.spec.js","",""
"","22157","Q4 - Navigate to Apply Leave","chromium","2026-09-09","passed","2026-09-09","","Q4-leave-apply-cancel.spec.js","",""
"","14050","Q1-Invalid username and password","chromium","2026-09-10","passed","2026-09-10","","Q1-invalid-login.spec.js","",""
